id,screenname,name,verified,desc,favorites_ct,followers_ct,friends_ct,tweets_ct,type
10403,chiodos,Chiodos,True,,1424,84997,111,5206,1
1506671,ADS_Update,ADS,False,"The Archaeology Data Service, we support research, learning and teaching with high quality and dependable digital resources and archiving for archaeology.",534,3396,280,1436,1
2271291,raceidaho,StateLine Speedway,False,"Catch the Action! Racing WED, FRI, & SAT Nights. Big Fun, Big Events, Close to home.",28,824,34,406,1
2533821,taurus,Taurus,False,Horoscopes and enlightenments that circle this earth sign.,0,17835,7647,289,1
3435441,mrseo,Matt,False,Superior San Francisco SEO Services. Obtaining traffic though highly targeted keywords. #SanFranciscoSEO,1,1968,1608,3104,1
6217192,Got2beGreen,Got2beGreen,False,Got2BeGreen one of the top eco-friendly sites on the net Bringing green living to the mainstream on how to save money save energy and live in harmony with Earth,0,778,337,334,1
6959082,TimesLIVE,Times LIVE,True,Links to breaking news from http://t.co/MEVTauOEL0.,3,425081,614,121327,1
8147432,BIZercize,BIZercize,False,"Patti Serrano helps BIZZY Entrepreneurs create Healthy Lifestyles by trainings and teachings in Business and Wellness.
http://t.co/L3M4jdAQ",12,1121,945,6834,1
8454762,deluxemodern,deluxemodern design,False,"design + brand | deluxemodern | miss modern shop
http://t.co/0sfwxNm0do
http://t.co/NbU3vrUBAM
christine@deluxemoderndesign.com",106,1585,1509,4264,1
8560222,buzzradiodotcom,Buzz-Radio.com,False,"Supporting local heavy music through Blogging, photography, video and podcasts.",68,5018,3267,5966,1
9563382,cmail_sport,Courier Mail Sport,True,"Brisbane, Queensland, Australian and World Sports News from http://t.co/Zvs55l0I98",317,6260,154,45110,1
9635952,frenchhater,J.F. Frenchhater,False,http://t.co/TG3TFCA7dt,0,26,0,119,1
10287992,CRESInsurance,CRES Insurance,False,"We minimize business risks for real estate professionals by delivering safe, simple and smart products so they can focus on current and future success.",149,1195,796,2042,1
10942902,longjump,LongJump,False,"Application Platform-as-a-Service solution for public cloud, private cloud & hybrid cloud.",1,269,72,127,1
11673252,allvoices,allvoices,False,"Where writers connect, share content, gain exposure, and even earn money. Apply to join the platform!",4,11012,2075,129688,1
14435582,adriaan3333,AdriaanSchipperREMAX,False,Your Neighbourhood Realtor for Dedicated &amp; Professional Services,0,17,7,134,1
14558133,dentalsalespro,dentalsalespro,False,The online resource for the Dental Sales Professional.,5,2556,1388,628,1
14707220,BowlRotoGrip,Roto Grip Bowling,False,Good innovative products and the best customer service.,560,10822,487,3704,1
14787980,klru,klru,False,"Community supported non-profit inspiring Austin through programs and events encouraging exploration, creativity and understanding.",307,28088,6339,9512,1
14986811,ACTORSandCREW,ACTORSandCREW,False,Politics and Showbiz.  Mostly politics.,144,71774,57194,71240,1
15099160,Cricket_Fan,Cricket fan news,False,Latest news from around the web on cricket,0,560,105,191,1
15167931,VoxTelecom,Vox Telecom,False,"Vox Telecom Limited is a leading alternative, independent telecom operator, providing voice and data services to the southern African market.",101,1029,287,942,1
15233659,artsadm,Artsadm*n,False,"An arts lab for the 21st Century, we produce and tour new performance, site-specific and interdisciplinary work. We're also the folks behind Toynbee Studios.",662,24521,1297,5931,1
15431833,thinkmagHQ,Thinkmagazine,False,The quintessential destination to sustainable living,12,1363,2000,1280,1
15447049,macorama,macorama,False,"Business Support, Service & Repair, Warranty Repairs, Upgrades, Training & Consulting In Store Or At Your Location",2,268,461,274,1
15453666,twellowup,twellowup,False,"Official updates from Twellow, the online social media directory from the producers of WEbProNews!",0,300,8,671,1
15824798,FacialPlastics,Facial Plastics,False,Double board certified facial plastic surgeons who try to dispel truth from hype when it comes to all that goes into facial plastics.,1,906,156,490,1
15834994,Web_Design_EWM,EWMultimedia,False,Web management service providing tools and insight to help you achieve tangible results.,5,537,1513,289,1
15840088,NCTM,NCTM,False,The National Council of Teachers of Mathematics is the public voice of mathematics education. More and better mathematics for all!,8750,35198,618,5737,1
15904720,BR_NYKnicks,New York Knicks,False,Entertaining content and breaking news from all of the top Knicks sources on the Web.,0,6242,0,8259,1
15936868,VeganNewsNet,VNN,False,Vegan News for The Animals ~ Our Planet ~ Your Health... LIFE! http://t.co/m5MrvhVZQT,430,12146,9073,35018,1
16030857,Link_Atlanta,Link_Atlanta,False,See my extended bio on Twellow http://t.co/AFWKkQ04rf,2,2467,3245,1254,1
16079569,tcimc,TwinCities Indymedia,False,Twin Cities IMC breaking news--Movement Media for the Masses--for feature updates follow @TCIMCfeatures,0,1472,1202,387,1
16104602,Chicago_Reader,Chicago Reader,False,An illustrious free weekly from Chicago,3363,127263,1742,33607,1
16161860,ideum,ideum,False,"Multitouch hardware and software. We focus on exhibit design, multitouch, new HCI technology for museums and nonprofits, and socially responsible companies.",267,10051,10037,2586,1
16212975,VisionDriSchool,Vision DrivingSchool,False,"A true American vision to Drive,
Driving is all about vision and motion!
Driving is all about saving your life and saving others!",1,31,15,275,1
16511493,chiangmai,chiangmai,False,sit  sleep fun and  shop in chiangmai,1,1897,1807,1126,1
16797952,WakingColor,WakingColor,False,Wake up & enjoy this life.  You only get one.,0,69,70,362,1
16861311,MiamiNewTimes,Miami New Times,False,Miami news updates from web editor extraordinaire @Jose_D_Duran and the city's leading alternative news source since 1987.,115,97982,2081,34256,1
16917133,GetHelicoptJobs,Get Helicopter Jobs,False,"Helicopter jobs, careers and community site.",0,1000,785,23953,1
16940043,RipBeatMusic,RipBeat,False,The easiest way to learn to play Piano and to share your skills,746,264,221,737,1
16949713,95008,95008,False,TwitZip: Building a Twitter Zip Code Infrastructure for Consistent Public Use,0,12,9,3137,1
17098149,91362,91362,False,TwitZip: Building a Twitter Zip Code Infrastructure for Consistent Public Use,0,85,84,1801,1
17098856,80919,80919,False,TwitZip: Building a Twitter Zip Code Infrastructure for Consistent Public Use,0,75,73,2223,1
17151912,66606,66606,False,TwitZip: Building a Twitter Zip Code Infrastructure for Consistent Public Use,0,21,26,600,1
17155634,44410,44410,False,TwitZip: Building a Twitter Zip Code Infrastructure for Consistent Public Use,0,57,56,229,1
17211783,14864,14864,False,TwitZip: Building a Twitter Zip Code Infrastructure for Consistent Public Use,0,59,57,180,1
17226351,barharbor,barharbor,False,"Bar Harbor informtion, including tides and weather.",0,274,31,3689,1
17250425,43432,43432,False,TwitZip: Building a Twitter Zip Code Infrastructure for Consistent Public Use,0,11,2,261,1
17266650,THETUBEtv,Dan @ THE TUBE,False,"Aussie TV blog since Aug 10, 2006, featuring Australian TV News, Reviews, Ratings, Audience & Contestant Information & More... Manned by @loneXplorerAU",2,1067,1081,11603,1
17285933,1379,1379,False,TwitZip: Building a Twitter Zip Code Infrastructure for Consistent Public Use,0,46,48,423,1
17328748,70431,70431,False,TwitZip: Building a Twitter Zip Code Infrastructure for Consistent Public Use,0,9,1,2187,1
17342205,97115,97115,False,TwitZip: Building a Twitter Zip Code Infrastructure for Consistent Public Use,0,54,57,841,1
17357556,29590,29590,False,TwitZip: Building a Twitter Zip Code Infrastructure for Consistent Public Use,0,70,68,286,1
17358605,63430,63430,False,TwitZip: Building a Twitter Zip Code Infrastructure for Consistent Public Use,0,48,54,605,1
17370134,77650,77650,False,TwitZip: Building a Twitter Zip Code Infrastructure for Consistent Public Use,0,68,65,213,1
17379905,83827,83827,False,TwitZip: Building a Twitter Zip Code Infrastructure for Consistent Public Use,0,70,73,200,1
17382505,49051,49051,False,TwitZip: Building a Twitter Zip Code Infrastructure for Consistent Public Use,0,62,63,272,1
17386166,45338,45338,False,TwitZip: Building a Twitter Zip Code Infrastructure for Consistent Public Use,0,71,78,315,1
17386408,59318,59318,False,TwitZip: Building a Twitter Zip Code Infrastructure for Consistent Public Use,0,13,0,444,1
17386507,56525,56525,False,TwitZip: Building a Twitter Zip Code Infrastructure for Consistent Public Use,0,11,3,533,1
17395589,AccessToMedia,Access To Media,False,"Creative solutions. Real Results. No Agency Fees.

Call us for a FREE consultation/866.612.0034",105,415,643,347,1
17403528,72123,72123,False,TwitZip: Building a Twitter Zip Code Infrastructure for Consistent Public Use,0,2,0,870,1
17403854,15019,15019,False,TwitZip: Building a Twitter Zip Code Infrastructure for Consistent Public Use,0,11,7,913,1
17405727,73624,73624,False,TwitZip: Building a Twitter Zip Code Infrastructure for Consistent Public Use,0,7,4,396,1
17419144,56680,56680,False,TwitZip: Building a Twitter Zip Code Infrastructure for Consistent Public Use,0,16,8,349,1
17433892,37145,37145,False,TwitZip: Building a Twitter Zip Code Infrastructure for Consistent Public Use,0,72,72,276,1
17434605,67146,67146,False,TwitZip: Building a Twitter Zip Code Infrastructure for Consistent Public Use,0,63,62,919,1
17435941,38869,38869,False,TwitZip: Building a Twitter Zip Code Infrastructure for Consistent Public Use,0,10,3,230,1
17438103,67468,67468,False,TwitZip: Building a Twitter Zip Code Infrastructure for Consistent Public Use,0,72,73,344,1
17440180,71066,71066,False,TwitZip: Building a Twitter Zip Code Infrastructure for Consistent Public Use,0,7,6,178,1
17440264,49666,49666,False,TwitZip: Building a Twitter Zip Code Infrastructure for Consistent Public Use,0,15,0,158,1
17459855,72415,72415,False,TwitZip: Building a Twitter Zip Code Infrastructure for Consistent Public Use,0,53,54,482,1
17461540,43766,43766,False,TwitZip: Building a Twitter Zip Code Infrastructure for Consistent Public Use,0,91,89,206,1
17461687,textatrack,TEXT A TRACK,False,Let fans buy your music on the spot with a simple text message with TEXT A http://t.co/WIwavb4yR9. Now UK Chart Registered.,0,260,410,452,1
17462954,30904,30904,False,TwitZip: Building a Twitter Zip Code Infrastructure for Consistent Public Use,0,12,0,563,1
17478293,AllCarsElectric,AllCarsElectric,False,We are now part of @GreenCarReports. Be sure to follow it for all the latest green automotive news and reviews.,0,4135,3810,3539,1
17490169,58532,58532,False,TwitZip: Building a Twitter Zip Code Infrastructure for Consistent Public Use,0,9,0,554,1
17555219,77954,77954,False,TwitZip: Building a Twitter Zip Code Infrastructure for Consistent Public Use,0,3,1,189,1
17555899,27608,27608,False,TwitZip: Building a Twitter Zip Code Infrastructure for Consistent Public Use,0,61,64,2154,1
17556324,67152,67152,False,TwitZip: Building a Twitter Zip Code Infrastructure for Consistent Public Use,0,93,113,1299,1
17585700,75862,75862,False,TwitZip: Building a Twitter Zip Code Infrastructure for Consistent Public Use,0,63,67,133,1
17662982,alceevents,Vanessa Alce,False,"Wedding, Corporate and Social Event Management",0,240,249,679,1
18064246,crosswinds,CrossWinds Church,False,"to Know, Love, and Reflect Jesus in our communities and world.",60,249,11,564,1
18083793,thewatercoolers,thewatercoolers,False,The comedy group that sings! Award Winning Event Entertainment.,121,182,287,405,1
18251122,VipBinary007,VipBinary,False,"binary options, free binary options system,binary options software,  forex trading robots, softwares, systems, signals, courses and much more....",41,1238,1988,17332,1
18252796,AAPOR,AAPOR,False,The leading association of public opinion and survey research professionals in the United States,2,2736,104,900,1
18309197,fmsinc,fmsinc,False,"Microsoft Access, SQL Server, Visual Studio .NET, LightSwitch, ASP, C#, mobile consulting services, products, add-ins, libraries, and developer tools",0,270,223,1139,1
18556585,CNWBanking,CNWBanking,False,"News about the banking and financial industry, via CNW Group. Contact: CNW Group Ltd., RBC WaterPark Place, 88 Queens Quay West, Suite 3000, Toronto, ON M5J 0B8",0,857,0,35616,1
18628039,CouponCircle,CouponCircle,False,"Shop with http://t.co/Jo8qXbDPJO listed online discount coupons, coupon codes, coupon deals, coupon offers, coupon savings, free shipping coupons and save.",0,161,600,1303,1
18666525,the_daily_green,TheDailyGreen.com,False,The consumer's guide to the green revolution,1,56642,7814,5930,1
18791013,PartyBooths,Party Booths,False,"Unforgettable fun! Photo booths are the latest trend in Weddings, and other grand occasions. Visit partybooths.com today to lock in your all inclusive low rate!",0,674,1939,147,1
18817450,NAIMA_SLS,Uwe Wolff,False,Litigation-PR: It is Your right to be heard in court. But not only there!,74,162,138,1513,1
18883747,SCCyourCollege,SCC Comm College,False,"Campus Events, News and Updates from Spartanburg Community College: a two-year community college in South Carolina",23,1992,639,2063,1
18999229,realradioxs,Real Radio XS,False,This is Manchester's only classic rock station 106.1fm.,763,12503,1354,6059,1
18999763,CBCTrending,CBC Trending,True,"^mb @MichaelBolen, ^jb @johnbowman ^lo @laurenonizzle",1675,15089,2612,53616,1
19140046,abaubiglass,Graziano Abadini,False,"We are a young Venetian, which operates in industries with its Venetian www.abaubiglass.com   We operate in the field of shopping online, we offer the drop ship",2,67,22,551,1
19234590,yyctwestival,Calgary Twestival,False,Calgary's Twitter Festival.,1,2218,233,504,1
19397341,streetcarwines,Streetcar,False,2014 Best of Boston - Best Wine Shop - Boston Magazine,365,1305,519,2322,1
19407554,tatvic,Tatvic,False,"People, Pageviews, conversion, events... 'Cuz when we say web analytics, it's all about them.",29,648,235,2155,1
19531207,iloveheatonmoor,I Love Heaton Moor,False,"Do You Love Heaton Moor?  Spread The Love!  Promoting everything Heaton Moor has to offer.
#HeatonMoor
 http://t.co/GS01GgzoAs",873,2908,853,3804,1
19662404,PureCountry,PureCountryMusic,False,"We love Classic Country Music. You know, the artists that started it all and the one's that have kept real country music alive.",0,2948,973,697,1
19725169,GothamAutoWorks,Gotham Auto Works,False,"Making The World Shine, One Car At A Time.",0,485,430,639,1
19796265,patbinc,TwitteBuy,False,"We eat and sleep sales, we dream sales and we live sales. We are passionate about sales, that's what we do every day, 24/7. Create & let us do what we do best.",0,992,1584,1128,1
19852484,ArtsMemphis,ArtsMemphis,False,Raising funds to ensure excellence in the arts and build a vibrant cultural community for everyone.,554,9796,5764,3317,1
19857350,InspiredCompany,InspiredCompany,False,Multi-discipline design consultancy offers print and website design,4,146,151,291,1
19883353,ShopHedonism,Shop Hedonism,False,"http://t.co/ehS53mTSg5 offers an endless variety of sex toys, adult costumes, lingerie, novelties and bondage items to enhance your sexual desires.",1,291,161,217,1
19977809,SimpleNQ,Simple Bar & Kitchen,False,"Relaxed bar & restaurant. Open Mon-Thurs 11:30am-11pm, Fri 11:30am-1am, Sat 10:30am-1am, Sun 10:30am-11pm. Part of The @HouseAdventure Group. 01618328764",294,5774,825,4084,1
20040538,TheLordNelson,The Lord Nelson,False,"The pub you always wished was on your street. 4 real ales, fresh food, garden, sport, good vibes & great times. Tweets by @richcompo",19,1514,721,2232,1
20052491,v2media,V2-Media,False,"We are the music makers, and we are the dreamers of dreams. Interactive Media Design V2-Media.",0,147,140,287,1
20216848,AngiomaAlliance,Angioma Alliance,False,"Organization for those affected by cavernous angiomas. We inform, support and empower patients and drive research for a cure.",124,339,168,402,1
20595084,Didriks190,Didriks,False,"Tableware, home decor, and outdoor furniture store in Cambridge, MA, and @themillatNLF. @localroot1 is our kitchen counterpart! Superb designs for every home.",144,1378,1769,2658,1
20629728,academe_atl_hs,Academe of the Oaks,False,"Academe of the Oaks is an independent, non-sectarian, co-educational high school in Decatur, Georgia. Rooted in the international Waldorf tradition",13,361,557,1261,1
20667354,WritingJobsinLA,Writing Jobs in La,False,Hottest and Highest Paid Writing Jobs in Los Angeles. Delivered every few hours.,0,105,6,602,1
20684882,HomestretchVA,Homestretch,False,Homestretch provides housing and comprehensive services to help homeless families with children in Virginia to rebuild their lives.,75,389,323,429,1
20724267,DiggingIntoData,Digging Into Data,False,"Updates about the Digging into Data Challenge, an international research competition to develop big data analysis methods for humanities & social sciences.",3,1939,0,287,1
20778253,KentStateStark,Kent State Stark,False,News and information for the Kent State Stark community.,205,2494,496,2104,1
20794625,SimplyEssential,Simply Essential UK,False,"Small family business specialising in aromatherapy, essential oils and natural alternatives.",16,1429,911,2961,1
20831999,tmj_nyc_banking,NYC Banking Jobs,False,"Follow this account for geo-targeted Banking job tweets in New York, NY from TweetMyJobs. Need help? Tweet us at @TweetMyJobs!",0,648,322,130,1
20852569,infoadvantage,Anderson Analytics,False,"Anderson Analytics - A Next Gen Market Research Firm
CEO Tom H C Anderson
(@TomHCAnderson)
http://t.co/E8T2qzhEfl
http://t.co/LymgNrFIw8",661,37837,40980,1394,1
20996704,mySA_DVDExtra,MySA DVD Extra,False,Harry Thomas and guests review DVDs & their bonus features for http://t.co/nOBSsowSf0,0,104,25,822,1
21032777,poppyorjewelry,POPPYOR,False,"Stories told... Deigns unfold. ||  Jewelry Collections, Custom Design and Heirloom Evolution  ||  Instagram-Facebook-Pinterest-Tumblr @POPPYORJEWELRY",22,179,424,1909,1
21082749,Valentinemusic,Valentinemusic,False,Valentine Music can offer a one-stop shop for licensing both the publishing and master recordings on a wide range of the Dave Brubeck jazz catalogue,4,285,402,120,1
21104725,OfficeMax,OfficeMax Inc.,True,"Inspiring style, organization and creativity in the workplace.",87,28781,2632,4896,1
21299778,cftrust,CysticFibrosis Trust,True,"The Cystic Fibrosis Trust is here to beat cystic fibrosis and make a daily difference to the lives of people with the condition, it is a fight we must win..",519,17684,4541,9358,1
21310555,TripAustin,Chris Austin,False,Follow TripAustin for the best in travel and new destinations around the globe.,2,310,244,370,1
21365817,MLSA,MT Legal Services,False,"Providing, protecting, and enhancing Montanans' access to justice.",16,718,149,575,1
21427192,orangecurtains,orangecurtains,False,Hard Rock 4 the 21st century. We are revamping our setlist currenlty and play cover to kill time and tweeting on things that rock,0,83,184,213,1
21437260,GSHumaneSociety,GSHumaneSociety,False,Caring for Homeless and Abandoned Animals Since 1972.,0,783,778,9177,1
21604059,indiecraftshows,Indie Craft Shows,False,News and Reviews of craft shows across the world! We're a public directory of awesome shows.,0,7190,1111,189,1
21772641,liveoakplga,Live Oak Public Lib,False,"Live Oak Public Libraries, serving Chatham, Effingham & Liberty Counties in beautiful, coastal Georgia. http://t.co/fmMlBKTO",1743,3123,1580,7259,1
21780239,BigfootLax,Bigfoot Lacrosse,False,Largest Lacrosse Store West of the Rockies,0,1909,194,871,1
21799433,kickel,Graham Kickel,False,,288,1091,1336,3099,1
21813268,fc_schalke_04,FC Schalke 04,False,Unofficial FC Schalke 04 news & updates. Powered by @FootyTweets,0,1011,3,605,1
21834788,NRH2O,NRH2O Waterpark,False,NRH2O Family Waterpark is the family waterpark in the Dallas/Fort Worth Metroplex!,2356,1681,191,2177,1
21850767,UKGear,UK Gear,False,Only when approved by The British Army do we consider our products... built to survive. Follow us on Facebook for our latest news and fantastic competitions!,4,292,104,447,1
22001808,GrowthBusiness,GrowthBusiness,False,"Your gateway to entrepreneurial success. All the news about UK venture capital, entrepreneurs and growth companies. Also on http://t.co/BFcYT3Nf",107,5634,2232,10410,1
22009288,HartlepoolJobs,Hartlepool,False,For more info visit our twitter page on http://www.allthetopbananas.com/twitter,0,125,39,945,1
22054347,momsonpearland,MomsOnPearland.com,False,Busy moms on the go and hip ones in the know,7,1947,2242,599,1
22080515,GreenCarReports,Green Car Reports,False,"The source for info about Green Cars. Get reviews, specs, ratings and pictures for new and used green, electric, smartcars; hybrid vehicles.",0,14325,9400,17909,1
22206817,DWBIA,Downtown Windsor BIA,False,The Downtown Windsor Business Improvement Association,46,3304,190,891,1
22326076,realthread,Real Thread,False,"We screen-print super soft custom shirts, designed by you, that people love to wear & talk about.",1530,2240,1217,6386,1
22472386,SarahShearman36,Learning to Listen,False,"Equine Facilitated Coaching, Networking In Wellies. Love meeting foward thinking people who want to make a difference. Join us at a FREE Taster",8,743,1219,1803,1
22521029,barcodesinc,BarcodesInc,False,Barcodes Inc. is North America's leading provider of specialized digital data hardware solutions. We've served businesses large and small since 1994.,6,651,2001,613,1
22609016,occupancy,Occupancy Marketing,False,"Internet marketing consultancy based in Edinburgh, specialising in the hotel, tourism and travel industry #lovingtravel",85,1284,668,595,1
22640712,PWYPtweets,Publish What You Pay,False,Publish What You Pay (PWYP) is a global network of civil society organisations campaigning for transparency in the extractive industries.,167,5975,418,5812,1
22730856,KGMB9Sports,KGMB9 Sports,False,"This is just KGMB9 Sports' feed, @KGMB9 is our manned account.",0,148,0,416,1
22778587,fochabersgaller,Just Art,False,Showcasing Fine and Applied Arts by artists living and working in Scotland. Established in 1994 so we've been around a while,0,148,140,123,1
22845222,PLMA_USA,PLManufacturers Assn,False,The international trade organization representing the private label industry since 1979. To contact: email info@plma.com or call (212) 972-3131.,204,959,673,675,1
23068470,VPOEventZone,VPO/PR Newswire,False,"VPO, a PR Newswire company, is a leader in content marketing and online press office management. We share event related news and other trade show industry info.",19,3442,1333,6459,1
23346650,KingmanPetDoc,SH Animal Hospital,False,"Stockton Hill Animal Hospital provides the best quality veterinary care for the companion pets of Kingman, Golden Valley, Dolan Springs, and Mohave Co, Arizona.",0,1278,438,2424,1
23406195,uwfcfpa,UWF CFPA,False,"Home to the Departments of Art, Music and Theatre at the University of West Florida",0,299,4,321,1
23506547,theallanhouse,The Allan House,False,"Located in the heart of Downtown Austin, The Allan House is the perfect location for weddings and special events!",69,1959,1413,1466,1
23569828,ozhandmade,OZHandmade.com,False,OZ Handmade is simply it is a collection of creative people who have followed their passion to make and sell their high quality handmade items.,0,191,39,2342,1
23621718,motherducts,Mold Experts,False,we know about MOLD. Questions? Check out our website or ask us on twitter.,0,3903,4574,21098,1
23672650,Cdn_Recruiters,PlatinumStaffing CA,False,"Manufacturer's 1st choice 4 Trades, Engineers and Science",0,509,886,255,1
23679513,cocefbecc,COCEF/BECC,False,Integrating environmental solutions along the U.S.-Mexico Border.,0,150,49,125,1
23821677,Organicality,Organicality,False,"Where Earth Meets Body: Organic and natural fashion, food, skin care and frame of mind.",0,204,100,445,1
23841182,CherryRealtors,Cherry Ruffino Team,False,"Cherry Ruffino Realtors, your Bryan/CS community specialists! Making your move pleasant and rewarding. https://t.co/IoC8qsNWoh",1917,789,1190,2668,1
24203306,accessfay,City of Fayetteville,False,"The official twitter account for the City of Fayetteville, Arkansas.",0,8220,55,5624,1
24257179,AustinKaplan,Kaplan Test Prep,False,"Higher Score. Brighter Future. Elite Teaching. 2270 Guadalupe, UT Drag",0,95,156,173,1
24461134,cantontea,Canton Tea Co,False,"We have the finest, loose leaf Chinese teas and teaware, from award-winning Jasmine Pearls and handmade Dragon Well Green Tea to Glass Tea Infusers.",761,2674,1500,3346,1
24685089,citygirlwedding,Citygirl Events,False,"The Citygirl Events team creates custom wedding, social, and corporate as well as non-profit events. Based in Chicago, available for events worldwide.",145,1098,1184,4346,1
24736682,ABC6NEWS,KAAL TV,True,"ABC affiliate in S MN & N Iowa, covering news/weather/sports in Rochester, Austin, Albert Lea, Mason City",156,8808,369,30578,1
24793492,LightList,Light List,False,Send Light to good works across the planet ... inspired by the ministry and good works of Dr. John-Roger and MSIA | http://t.co/xbQYySn1DD,2,245,15,230,1
24904735,rudrakshapower,Satnarine Rooplal,False,sells only ORIGINAL Rudraksha and Genuine Untreated Gemstones (http://t.co/5GmBmpxh1V),0,1998,1667,6351,1
24911135,retro36,Retro 36,False,"Officially cool since 1974.

Voted Independent Gift Retailer of the Year 2015.",189,949,457,5002,1
24920831,rnrcoffeecafe,R&R Coffee Cafe,False,"a craft coffee Roasterie & home cookin' Restaurant nestled in Black Forest just north of Colorado Springs, Colorado, USA",538,1446,808,4076,1
24960967,ActOneProgram,"Act One, Inc",False,"Act One is an innovative, Christian training program and incubator for writers and producers of mainstream film, television, and digital media.",239,1637,812,1108,1
25221065,AFauske,"Fauske & Assoc., LLC",False,"Fauske & Associates, LLC is the world leader in nuclear, industrial and chemical process safety testing including combustible dust flammability testing",21,83,220,275,1
25301938,flabeachgirly,The Painted Cabana,False,We have closed up shop and hit the road...look for us at different locations now teaching whimsical classes!!!!!,1,105,54,3111,1
25345835,greenforkids,Green for Kids,False,GSON - Connecting schools and community,0,112,79,209,1
25392290,BrewCityHDI,Brew City HDI,False,Brew City IT Service and Support Industry Professionals,1,255,105,245,1
113324625,GamerHeadlines,Gamer Headlines,False,Welcome to Official GamerHeadlines Twitter Page. We bring gamers all the latest news/offers from the gaming world around the clock. We appreciate your support.,1,2783,3294,39591,1
113325198,socioconomy,socioconomy,False,information about the online social economy,0,22,40,113,1
113420004,OneVoiceRVA,One Voice Chorus,False,Singing the beauty & power of diversity. We believe in the power of choral music to bring together people historically separated by racial tensions,6,191,188,196,1
113447517,M4MSeattle,sarah Carlson,False,"Reward courage in human beings battling serious illness by awarding marathon medals to people who have demonstrated similar mettle, or courage.",3,31,40,107,1
113653861,LearnToFlyCA,Learn To Fly,False,LearnToFly Inc. | online publishers | http://t.co/DCkZ7eNG5m | http://t.co/3rZmjsTNX9 Learn To Fly | Be A Pilot,0,212,71,351,1
113950781,AboveTheRealm,ATR Paranormal,False,"We are a paranormal research team located in CT and offer complete, professional paranormal research, investigating and education",0,2093,341,847,1
114340673,elcidresorts,El Cid Resorts,True,"Experience the unique wonders of Mexico as they are meant to be enjoyed through El Cid Group, a collection of authentic, locally owned Mexican beach resorts.",3,1772,273,2033,1
114428324,JCPWestLondon,West London District,False,Welcome to the official Twitter account for all Jobcentre Plus Offices in West #London. #WestWorks #DWProud,86,2387,1057,1123,1
114520241,HansonCapital,Hanson Capital Group,False,"Hanson Capital Group is an Arizona hard money lender. We provide private, asset based alternative loans to individuals looking for no hassle funding.",0,2799,2829,2021,1
114565660,burglaralarm123,V. Smith,False,Home Alarms and Burglar Alarms.  Home Monitoing Alarm ystems.,0,554,1690,202,1
114775407,AmberAlert4Pets,Amber Alert for Pets,False,We are an internet-based community of pet lovers who find and return pets safely home.,0,1504,1390,1242,1
114810465,UpstateHomeless,UHCSC,False,The official Twitter account for Upstate Homeless Coalition of South Carolina. UHCSC Mission: To eliminate homelessness in the upstate.,1,257,281,247,1
114907985,clubsonicaclub,CLUBSONICA,False,Electronic Music Events / Label / Radio Show. Send your demos/promos to clubsonicaclub@gmail.com,35,441,249,2360,1
114961795,BackslashStudio,Nina,False,"HIRING DESIGNERS - Toronto design studio is hiring passionate and driven people, we have lots fun but take our work very seriously. Tremendous room for growth!",2,103,107,361,1
115405329,solusuk,Solus UK Ltd,False,"SOLUS is a Digital Communications company. Clients use our CMS to broadcast their info to Digital Signage, the Web, their Mobile Apps and Social Media.",1231,2138,2179,6963,1
116012581,We_Amplify_You,"Amplification, Inc.",False,"Amplification, Inc. is #socialmediamarketing #videoproduction and #digitalmedia #Miami #FortLauderdale #Weston #Davie #Naples #FortMyers run by @Marnieg33",3,4062,4138,28305,1
116031894,DotNetNukeWeb,DotNetNukeWebHosting,False,Want info on Dot Net Nuke web hosting? We have a free site all about Don Net Nuke web hosting. Come see us today.,0,798,1951,302,1
116322786,tabithafashion,tabithang,False,We don't do fashion. We are fashion.     Follow us for must-have items.,6225,904,113,2337,1
116406845,REI_Press,REI Press Releases,False,Welcome to the business world of renewable energy and to the global center of the international Renewable Energy Industry with current Press Releases.,0,188,294,689,1
116421456,GladePrimary,Glade Primary School,False,"We are a friendly two form entry primary school in Clayhall, Ilford, Essex.",35,1505,16,329,1
116465223,TeletovicNews,Teletovic News,False,This account is not affiliated with Mirza Teletovic.,0,1777,716,718,1
116889095,ApogeeResults,Apogee Results,False,"Our Business is your Results. We use SEO, PPC, Social Media, & other online tactics to deliver more sales and revenue to your business - call us: 512.381.7000.",18,914,892,1315,1
117376676,researchinfo,Research Information,False,Research Information magazine/website Twitter feed #libraries #publishing #research #data #information #access #ebooks Free registration. editor: @TimGillett00,461,5170,3138,8477,1
117469617,Annabelles_Wigs,Annabelles Wigs,False,"Annabelle's Wigs: spreading cheer across the world with our wigs, 3/4 wigs, extensions, brights, dip dye, with a celebrity following.",3450,11138,771,20149,1
117766894,twinkletap,Twinkle Tap,False,"Web design, development & consulting agency based in Croatia. 
Our tweets brought to you by @markoprljic.
*sparkling*",7,76,41,122,1
117822809,igsupplies,IG Digital Supplies,False,IG sells a wide range of items for the print and sign industries.,0,189,626,708,1
118486967,bieber_news1,Bieber News1,False,"Everything you want to know about your favorite artist.

NEWS : NEW TRACKS : LINKS",0,2060,2847,4961,1
118556370,KINGMARSHALLENT,DJ MARSHALL,False,King Marshall Ent. was founded by two ambitious brothers.Who believe that through determination and preservation they will continue to rise to new heights.,1,81,315,669,1
118738552,BrightonLMHR,LMHR Brighton,False,"Brighton Love Music Hate Racism/Unite Against Fascism joins everyone in our city against racists and fascists, such as the BNP and EDL.",3,311,166,325,1
119175212,GoSagesMMS,Jeanne Handley,False,"Monticello Middle School is located in Monticello, Illinois, 22 miles southwest of Champaign on Interstate 72 connecting Champaign and Decatur.",5,298,275,471,1
119400401,WatchBigBang,Watch Big Bang,False,Breaking news about Big Bang Theory.,0,5945,392,12653,1
119965249,NewsEd_RIA,M Fitzpatrick,False,"Retail in Asia is a one-stop shop for retail industry news, advice and networking in the region.",0,43,21,761,1
119992061,PGDirect,PaperGoods,False,"The best selection and price for party goods and disposable dinnerware. Free shipping, savings for referrals and more!",4,85,167,1131,1
120125806,samuel2cute,Samuel Aifuwa,False,All about Samuel,0,27,24,175,1
120285512,ghostbarLV,ghostbar,False,A sleek & sophisticated indoor-outdoor lounge on the 55th floor of @Palms Casino Resort. Open Nightly {happy hour 8pm-10pm} http://t.co/sNVZ8H2Mtf,548,18911,13067,5515,1
120390975,Prrsaarschool,PRRSAAR Institute,False,We offer quality programs on Share Market and online trading.,0,17,17,251,1
120850052,DailysPress,Daily s-Press,False,"your daily drip of small presses, fresh: monday - friday",0,159,106,250,1
121451143,Perfumes4u,Perfumes-4u,False,"TOP BRAND #FRAGRANCES AT #LOWPRICES #bargain
#Perfumes-4u offers great #perfume and #cosmetics for everyone.",62,197,608,643,1
121665251,epiffnyclothing,Epiffny Clothing,False,fuck the mainstream #SUPPORTLOCALCLOTH,0,150,658,775,1
121753267,PallExGroup,Pall-Ex,False,"The multi-award winning palletised distribution network based in the UK, founded by @hilarydevey in 1996.",161,3739,1083,845,1
121812435,cormanassociate,Corman & Associates,False,"With over 60 years experience designing manufacturing retail fixtures, Corman & Associates works with at any stage, from concept development to installation..",2,621,1994,779,1
121841065,fdlschools,Fond du Lac Schools,False,"We proudly serve 7,500 students in 15 buildings & virtually in Fond du Lac, WI. Our Pursuit: To Become the Premiere School District in the United States.",59,1850,186,7068,1
122344315,WPPFellowship,WPP Fellows,False,"Information about the WPP Fellowship, straight from the Fellows",8,1206,51,210,1
122484560,Trisori,Trisori,False,Amazing jewellery. Not suitable for faint hearted.,2,560,316,2019,1
122501853,CooleyTennis,CooleyTennisAcademy,False,One of Ireland's premier tennis academies. Please visit our website to find a venue near you.,3,247,794,743,1
122531560,Twimpage,Twimpage Recs,False,Pimping out the best of the fandom one story at a time. Currently under renovation; your patience is appreciated.,0,105,132,217,1
122578105,reAfrica1,Africa1 Property,False,"Africa1 Property - search real estate for sale & rent from all over Africa, residential, commercial, property news & more - new re-vamped website coming soon!",0,758,1888,460,1
123100631,RoaringPajamas,Roaring Pajamas,False,"Founder Melanie Yunk cooks up the perfect recipe for customer engagement with a fresh take on social media, SEO and digital strategy as the key ingredients.",207,4727,5015,1698,1
123327540,bravoutah,"Bravo, Utah!",False,"Bravo Utah is an indie rock band from Hamilton, NJ.  You're cute.",0,30,6,344,1
123369125,ILWhiteEagles,White Eagle,False,Official twitter of the Illinois White Eagles,0,14,5,126,1
123555111,Gamentary,Gamentary,False,"A bunch of people who like games, play them, then talk about them. Tweets by: @RickyInMotion @teoh_albert and @gavinnettlefold. Send pie.",1,81,315,556,1
123687592,HyattABQ,Hyatt Albuquerque,False,Experience a delightful stay at Hyatt Regency Albuquerque! Our amenities & sundrenched location make us the ideal choice! #Hyatt #Albuquerque 1 (505) 842-1234,254,3355,1624,2361,1
123747100,ipamsdotcom,IPAMS Philippines,False,"Welcome to the official page of IPAMS on Twitter! Be assured of NO placement fees, NO processing fees, NO salary deductions in all our recruitment worldwide.",0,3918,11,1836,1
124043939,artlooped,Susanna Jade,False,"We are a group of 33 artists that show our work from our studios on July 9 - 11, 2010. We've been doing this for 15 years! Please view our website.",0,6,11,336,1
125018971,epicwebs,Lynq,False,"Epic http://t.co/HrsZvkQoA9 completely free tutorials, templates and blog.",0,126,2,127,1
125101376,viralventures,vvmag,False,"We help entrepreneurs create remarkable businesses that obtain greater influence, traffic, customers, and profits.",4,1541,1891,399,1
125212960,FishSeafoodGril,Fish Seafood Grill,False,"Seafood restaurant, waterfront views. PHONE (03) 9640 0686. Open Tues-Sun. On Super Tuesday 50% we'll split your food bill in half!",0,141,83,111,1
125270554,cvcchinese,CVC Chinese Radio,False,"We are a Mandarin radio station based in Australia and Singapore, hear us via shortwave and web online! http://1cvc.con",0,16,36,132,1
125417359,ForeverMeBand,Forever Me,False,"The Official Forever Me Twitter! 
Follow Us! @NikkiForeverMe @RichieForeverMe @AndrewForeverMe @DavidForeverMe",3,962,405,2710,1
125637346,NHL_Lightning,Tampa Bay Lightning,False,Tampa Bay Lightning Unofficial Fan Site. Up-to-the-minute updates of your favorite team.,0,3192,1765,5747,1
125754374,strategiadesign,Strategia Design,False,"We are a creative design firm with a focus on brand strategy, package design, logo development and corporate identity programs in both print and digital media!",865,625,788,1109,1
125765605,FightingFitness,Fighting Fitness,False,Learn the latest tips and tricks to get into fighting shape...fast!,0,89,116,953,1
125945151,curlcommits,Curl Commitagent,False,"curl is a transfer tool powered by libcurl, the data transfer library",0,13,0,4709,1
125947490,Happitots,Happitots Nursery,False,"Childcare for 3 months to 5 years, in Winnersh, nr Reading. Holiday Club for 5-11s too!",0,1195,297,1122,1
126125056,internetrix,Internetrix,False,"We're experts at Website Projects, Online Performance and Digital Consulting.  Our customers are in Australia, China, New Zealand and the United States.",51,377,241,334,1
126407534,cucompanies,CU Companies,False,"CU Companies, the premiere CUSO based in the Midwest, offers both Correspondent and Retail channels to efficiently service your customers and members. NMLS#1037",41,582,1405,522,1
126914026,economyhotel,economy hotel athens,False,"city center hotel in Athens Greece
5, Kleisthenous street
105 52 Athens Greece
Tel +30 2105220520 
http://t.co/RpFGL7mC
http://t.co/4p5aBUdl",0,586,1986,1111,1
128021723,QabeelatBarakah,Qabeelat Barakah,False,"Qabeelat Barakah, the home of AlMaghrib Institute in Manchester. Follow for updates on future seminars!",34,1444,84,2434,1
128024931,Baltimore_Buzzz,Baltimore Local,False,"Baltimore MD local news, events, jobs and more. We also offer affordable local business advertising: http://t.co/NLc8yEcDYt or @localbuzzz",3,3726,3355,57040,1
128272680,NigYCC,Nig Youth Climate,False,Nigerian Youth Climate Coalition is a network of Youths organisations and individuals working towards a climate safe Nigeria,8,982,194,1078,1
128331997,TMEWeddings,This Moment Events,False,"Award winning boutique wedding planning & event styling firm in East Windsor, NJ. One of a kind celebrations wifh sparkle and soul!",9,89,56,226,1
128538736,CloudNineSocial,CloudNine Workshops,False,Practical Workshops on integrating Social Media into independent recruitment businesses. Run by award-winning Social Recruiter Steve Ward @CloudNineRec,0,252,389,1552,1
128783704,flushingclicker,Flushing Clicker,False,"Click and find everything happening in Flushing, New York!",0,12,0,979,1
128811344,hyannisclicker,Hyannis Clicker,False,"Click and find everything happening in Hyannis, Massachusetts!",0,12,0,969,1
128976971,BobbysHaven,Bobby's Haven,False,"A safe haven for gay youth & parents of gay youth.  Suicide is NOT an option! Help save gay youth! -Chase Ferrell, Founder
(This is not a bot account lol)",32,1352,1810,378,1
129676498,TPV_Billboards,TeaParty Billboards,False,Be a Tea Party Voter. Join this grassroots movement to preserve the American Dream. Help us VOTE OUT LIBERALS and put Anti-Obama signs everywhere,0,1518,1722,2063,1
129693454,thelunalaval,The Luna Laval,False,"Indie band from NJ.
A Good Fear EP - Now Available! --- http://t.co/YStmOlax",0,237,1151,160,1
130000070,campgreenville,Camp Greenville,False,Inspiring Futures Since 1912!,21,260,41,1126,1
130631604,Petersproduce,Peters Produce,False,"Retail Greengrocers selling fruits and vegetables to the people of Herne Bay and beyond. Suppliers to the catering trade. 
01227741548 sales@petersproduce.co.uk",12,1006,173,2495,1
130723982,hydrationdepot,Hydration Depot,False,"Gatorade and Sqwincher hydration powders, liquids, equip & RTD.  We cater to industry, military, event and race planners, export & to the public. All welcome!",169,413,1466,1029,1
130763010,TeenagerQuotes,Teen Quotes,False,trying to understand teenagers so enjoy my quotes don't feel shy to RT guys xoxo~ made by @ditachy,0,611,2,478,1
130798668,rdlBNC,rdlBNC,False,"http://t.co/XlHK8eVr is a free Internet Relay Chat Bouncer (BNC) service, providing free IRC bouncers to all users who request them.",0,276,27,689,1
130882237,DelStSB,DSU Softball,False,"Official twitter of the Delaware State University softball team.  For schedules, results, roster and more information, please visit http://t.co/5SlYn6EGi2",21,940,157,3964,1
130911553,yoloneci86478,"Medford, OR",False,"Local news about Medford, OR (Jackson County)",0,52,76,389,1
131033220,SOandSOworld,SO & SO,False,"SO & SO's music exists without boundaries. READY, their forthcoming album, is a fusion of pop, soul and folk, unlike anything you've heard before.",2,550,221,672,1
131180115,herzfeldrubin,Herzfeld & Rubin,False,"Herzfeld & Rubin, P.C. is a full service, internationally known law firm headquartered in the heart of Manhattan's Financial District.",1,158,10,705,1
131211756,thecompareshop,Steve Bramall,False,,9,480,1793,1335,1
131863930,dropdigger,DropDigger,False,I tweet the top stories that the domaining and SEO communities are talking about right now. A robot by @jamiembrown,2187,1206,1954,2671,1
132224599,DiiamonDiivas,DiiamondDiiva,False,"I'M A PROMOTER KNOWN AS DIIAMOND DIIVA FOR TAMAR PORTER A.K.A T-DOG AND . WE ARE STRIVING TO GET WORD OUT ABOUT POSITIVE,DRAMA FREE EVENTS...",0,23,10,471,1
132237290,lisbonalerts,LisbonAlerts,False,Rossio Breaking News: what's free (or almost free) today in the Baixa/Chiado Lisbon Lisboa.  See something?  Tweet us!,6,83,34,799,1
132667584,PhamRock,Phillip Bates,False,"Musician/Producer/Songwriter #PhamRock 

http://t.co/uhRxAClj0A 

http://t.co/Gn0tehwRwE",1073,1332,1973,7104,1
133006345,getemagination,EmaginationUnlimited,False,"The creative hot shop in Pensacola, Fla. providing unlimited possibilities for all your advertising, marketing, web design and PR needs.",6,124,35,887,1
133197408,DecimalLightnes,Decimal Lightness,False,"Launched in 2011, Decimal Lightness is a brand new name in the electronic dance music scene of today.",13,157,15,411,1
133256324,_invisalign_,Invisalign Indonesia,False,You can have straight teeth without braces. Contact us for further information...,0,75,99,296,1
133383875,ADVEN_TOUR_US,ADVENTOURUS Tours,False,"ADVENTOURUS is a unique Travel Agent which specializes in ski trips and bicycle tours but offers many other active adventure vacations (hiking, kayak, spa, ...)",0,283,596,1328,1
133448383,Babytod_Sharon,babytod,False,"Babytod is a free, local, baby and toddler activities & business directory, with discounts, vouchers and offers, in print & online for Hampshire & West Sussex.",2,1435,1885,2097,1
133753333,greatfoodmag,Great Food Club,False,Guide to the best local food & drink independents. Tweeting recommendations & news from our 6.7k members.,516,5514,3419,7486,1
134011461,shockvr,Shock Values,False,"Retailer and Distributor of over 75 JDM Euro and Domestic Aftermarket Lines, like Greddy, edelbrock B&M and more.",2,445,1310,34265,1
134583900,UAID,UAID,False,UAID empowers students and communities to eliminate health inequities.,0,101,124,252,1
134837058,theholdempro,Texas Holdem Pro,False,Learn to Play better Texas Holdem and start winning your home games!,0,419,520,178,1
134994013,IICA,IICA,False,"Indonesian Independent Clothing Association The Melting Pot of Apparel 
TheMarketPlace and @StreetwearTour
info: IICAjakarta@yahoo.com",4,2247,1118,1564,1
135263946,EastSideOfClev,Rob & Bonnie,False,"We are the central location for information on places to go and things to do, in Lake, Geauga and Ashtabula Counties.",0,386,483,237,1
135666269,CieriMedia,CMIC,False,Media company opening the doors to new unsigned artists allowing them to showcase their work via the world of the Internet. Singers writers film artists needed!,1,36,62,284,1
136294278,100000962467495,anil agarwal,False,CEO & promoters of Agra events & wedding planners.Owners of var vadhu mandapa a banquetfarm house.president marriage home association Agra.,1,29,197,543,1
136295973,AtlPaganPride,Atlanta Pagan Pride,False,"All over the world, local coordinators host Pagan Pride celebrations.",0,255,124,292,1
136389024,s_mlbyankees,New York Yankees,False,"New York Yankees. Get real-time scores for fans, by fans. Find all your favorite teams at:",8,770,1813,3296,1
137043687,Boogietown,Boogietown Myriam Bo,False,"Booking Agency: Sivan Perwer, Astrakan Pr,  Moonshine Playboys, The Sproqueville Ramblers, Bertrand Lani.....Roots & Roses 1st of may",7,618,1939,588,1
137288829,manipulatefest,Manipulate Festival,False,Bringing innovative international visual theatre and film to Scotland. 29 January - 6 February 2016,315,1771,723,1204,1
137775956,CityofJax,City of Jacksonville,False,"Official Tweets from the City of Jacksonville, Florida. #Jacksonville #ilovejax",327,30755,2033,4762,1
137796521,YoungSmiles2Day,"Kathleen Young, DDS",False,"Our dental practice is based on these principals: We Care, We Value Your Time, Continuing Education, Reducing Anxiety, Exceptional Service and High Standards.",0,98,76,140,1
137900749,PowerhouseBNE,PowerHouse,False,Young adults of Hillsong Brisbane // 18-25yrs,0,169,58,379,1
138133150,jobsinlongbeach,Jobs In Long Beach,False,Thousands of available jobs in Long Beach. These are just a few! Check them all out at http://t.co/RuNqhxzSGV,0,15,0,2277,1
138143812,BCFATL,BCF Atlanta,False,"Buckhead Community Fellowship is a progressive, dynamic and missional ministry located just off Peachtree Road in Buckhead",0,5,6,231,1
138888006,BeerladyTullys,Tully's Beer & Wine,False,"Outstanding beer store in #SouthernMaine with FANtastic, beer knowledgeable staff. Making your beer dreams reality. Tweeting about #craftbeer goings on.",10,658,303,2606,1
138899085,thecuart,Art Theater Co-op,False,The first cooperatively-owned art-house cinema in the U.S.!,397,2270,49,2049,1
139787606,holidayverona,Holiday Verona,False,"Official Twitter page of Holiday Verona, the first blog about Verona for tourists: information, culture, traditions, tours, day-trips, events and recommenations",0,31,24,105,1
139935850,88gd,e88gd,False,"http://t.co/be70MGld
#24",2391,100,580,1776,1
140040743,Planetgiftcouk,Paul,False,"http://t.co/WGeopMzXjF offers organic,ethical and Fair Trade items at fair prices.",13,72,204,196,1
140308702,BadgerBeerTweet,BadgerBeerTweet,False,Connecting Craft Enthusiasts,6,360,458,4164,1
140686472,valsgaragesale,Vals Garage Sale,False,"we're selling the 2nd stuff and the others stuff like clothes, accessory , shoes, etc with very very low prices",0,602,10,1578,1
140826857,galpalgiftideas,Girlfriend Gift Idea,False,Do you LOVE your girlfriend but HATE shopping for gifts for her? Stick around for some helpful suggestions...,0,18,0,151,1
141180071,ipad_appreviews,iPad App Reviews,False,We are here to test and provide a detailed user experience and honest reviews about the iPad apps from the app store.,0,638,6,9506,1
141228885,bonlineprices,bestonlineprices,False,"We're a price comparison site for CDs, MP3s, Blu-Rays, DVDs, Playstation, XBox, DS and Wii Computer Games as well as paperback, hardback and children's Books.",0,33,33,1266,1
141243146,LibertyforKids,Liberty for Kids,False,"a guide for parents, teachers and young people as they begin to educate themselves and their loved ones about the nature and foundations of a free society.",0,63,7,180,1
141346203,disassemblymobi,Mobiledisassembly,False,"Phone site with latest news and disassembly instructions on Apple, Samsung, Sony, Nokia, Motorola and more. Follow us!",0,304,1742,7095,1
141572254,graphcominc,"Graphcom, Inc.",False,"30+ years of award-winning marketing know-how: print, distribution, strategy, concept, content, design. The vision to communicate yours.",32,385,259,438,1
141728705,TheCoveMagazine,The Cove Magazine,False,"http://t.co/T86FaTc7du |  https://t.co/u1LXXi4OVV - contemporary design, leading editorial & superior production quality #thecovemagazine.",11,759,510,440,1
141977676,RockGardensRaft,Rock Gardens Rafting,False,"We are a family owned and operated company specializing in family fun! Located at the Glenwood Canyon Resort, come explore the canyon with us from the river.",7,151,191,137,1
142392341,GGULCD,GGULawCareerDev,False,GGU's Law Career Development office serves as the bridge between GGU School of Law's talented pool of students and the legal community at large.,5,329,82,1403,1
143017174,negeso,Negeso Website/CMS,False,Negeso Website/CMS integrated with Twitter,0,18488,75,174,1
143172834,GetEnviCeSpJobs,GetEnviCeSpJobs,False,"Environmental Certification Specialist jobs, careers and community site.",0,11,4,1455,1
143174948,MaddhattersGP,Maddhatters,False,Maddhatters.....The only Lounge/Nightclub in Grande Prairie. Dine Drink and Dance,30,451,69,575,1
143206291,MurphyStuartIns,Murphy Stuart Ins,False,"Talk to us before taking out or renewing your Home,Motor,Health & Business Insurance.Contact us at 056 7756792 for very competitive terms & superb local service",0,963,978,383,1
143228870,AllAmericanMtg,AllAmericanMortgage,False,"Contact us at All American Mortgage to find out more about the products and services we can provide!
201-576-0700 Office
201-615-8572 Direct",4,174,274,459,1
143385787,your_climate,Jon Clubb,False,Your Climate brings together the key organisations across Yorkshire and the Humber to to tackle the cause and effect of climate change.,2,349,679,409,1
143482785,BerkleyChamber,Berkley Chamber,False,The Berkley Area Chamber of Commerce strives to promote and encourage commerce and economic growth within the city of Berkley and our neighboring community.,1,898,353,1474,1
143871216,TimOConnorAutoS,Tim O'Connor,False,Call for Directions Convinton LA 70433 Phone 985-590-9786,0,1,0,478,1
143873970,ngacalgary,National Golf,False,The NGA is the largest public indoor driving range in Western Canada.Since 1993 the National Golf Academy has been improving the game of golf for Calgarians.,54,1659,1222,2604,1
144044647,howtosocialmm,socialmehere,False,"how to tips for social media marketing, career & technology news",2,283,423,945,1
144231642,VMwareEdu,VMware for Education,False,VMware virtualization & cloud solutions for Education customers and Global Partners for the public sector. Contact us at @vmwareedu.,3,5608,641,481,1
144471303,UnstoppableYUVA,YUVA Unstoppable,False,"Incepted in 2005, YUVA Unstoppable is a youth movement with the mission to inspire and mobilize every Indian to give 2 hours/week for better India.",22,839,70,1434,1
144724789,PartyTell_GA,PartyTell Georgia,False,We inform you about parties & events going on in GA. Post your event for free at PartyTell.com. Inquiries: admin@partytell.com | @whoisSheena | @MrBrundidge,0,2092,648,2731,1
144823433,ThonglorEkamai,Thonglor-Ekamai,False,Everything about the Thonglor-Ekamai neighbourhood! Check out the only comprehensive map of T-E by Nancy Chandler. Find us here: http://t.co/p9T4PuwES5,314,1841,128,4564,1
145278977,PlanningGuide,Planning Guide,False,Specialist Publishers to Local Authorities,9,992,1960,146,1
145663151,ur_spsa,SPSA,False,The official Twitter page for the Saskatchewan Polytechnic Students' Inc. based in Saskatoon and Prince Albert.,8,99,51,340,1
145911661,LastingBP,Lasting Blueprint,False,"Orlando Video Production Company. Corporate Video, Meetings & Event Video Production, Commercial Videography, and Wedding Videography Packages.",0,3246,2006,10751,1
145946428,yoloneco2436,Washington County,False,Local news about Washington County (Pennsylvania),0,1,0,102,1
145974084,Shemrockschool,SHEMROCK Schools,False,"SHEMROCK school laid its foundation stone way back in 1989 at Ashok vihar , New Delhi. Since then a chain of school has left its mark at many places in Delhi,",0,112,40,3340,1
146043186,Broadwaybonds,Broadway Bail Bonds,False,A. Broadway Bail Bonds is your premier bail bonding agency in North Carolina. Call 336-266-4082 or goto http://t.co/gloROiaphK,2,467,72,250,1
146316582,iSecuritas,iSecuritas,False,"Securing your Idea, Securing your Info, Securing your Identity - iSecuritas is Identity, Information, Idea - Security company",0,3,4,140,1
146399880,vickypurplestar,vicky draycott,False,"Retailer of top quality wooden toys and puppets. Run by Vicky, mummy to 2 fantastic toy testers!",2,89,121,160,1
146583051,MOBSSz,baseball.hu,False,Official Twitter of Hungarian Baseball and Softball Federation,1,137,66,157,1
147367568,LovatoFansUnite,Floralisa,False,This is a Demi Lovato support site since 5/23/10. Follow if you love Demi Lovato :),12,24,187,133,1
147602490,StAubynHolidays,St Aubyn Holidays,False,Six quality and comfortable holiday cottages situated on or near a beach around Porthwgarra and Land's End in West Cornwall.,34,989,1947,146,1
147715359,THiNKphotograph,Think Photography,False,"Two commercial photographers Carolyn Robertson and Jeff Brass create imagery for commercial photography, advertising, websites, packaging, books and magazines.",7,209,154,1238,1
148082848,casadangeloohio,Casa DAngelo's,False,"At Casa D'Angelo's italian restaurant, we use only the finest and freshest ingredients possible and we will never scrimp on food portions or food quality.",0,274,368,594,1
148160003,FreeTheInternet,Anonymous,False,"We Are Anonymous, We Are Legion And Divided By Zero. We Do Not Forgive Internet Censorship And We Do Not Forget Free Speech. We Are Over 9000, Expect Us!",653,6802,7459,70929,1
148436801,WeiderNutrition,Weider Nutrition,False,"For nearly 70 years, we've been providing the world with the best health products/supplements. Our latest is Muscle Health: http://t.co/aRsU0Je5",33,11535,7960,1288,1
148515485,eBayBrightSpark,eBayBrightSparks,False,Entering the world of eBay Electronics and Photography equipment and accessories. Love to learn about the Internet-Social Media-eCommerce.,0,210,309,618,1
148573278,LBPP_LIA_Depok,LBPP LIA Depok,False,A Commitment to Quality Learning | English Course | 0811 1170217 (SMS/WA/Line) | Ph: 021-7752593 / 021-77212873 | Pin BB : 2263FA50 | fb: LBPP LIA Depok,3,1181,24,2531,1
148809213,AZ_Lyrics,AZ Lyrics,False,All about #lyrics -- find the lyrics any song at http://t.co/4h3vqOiOlY!,41,136,137,274,1
150255923,SBabysitting,Suffolk Babysitting,False,Qualified and experienced babysitting across Suffolk.,0,7,0,286,1
150660859,pulmanfleet,pulmanfleet,False,Delivering competitive contract hire and PCP quotes to all Volkswagen and now SEAT models. http://t.co/8wbNreVKnQ.,3,173,158,262,1
150791798,mechseILLINOIS,MechSE Illinois,False,"Mechanical Science and Engineering at Illinois offers top-ranked programs in engineering mechanics, mechanical engineering, and theoretical & applied mechanics.",52,410,177,566,1
150858704,rockshoMinn,rockshoMinneapolis,False,"find out about your favorite concerts, music and bands 1st. be in the kno. fo sho.",0,0,1,289,1
150941559,SupportALLMusic,Listen 2 The World,False,"Here to help artist all of all styles of music across the globe. Let us have no boundaries, dont just listen to your style LISTEN TO THE WORLD #SupportALLMusic",2,50,193,106,1
151199348,ClassAutoCenter,Class Auto Center,False,"We are a fully licensed collision repair center on the corner of the 405 and Cherry. We are factory certified by Mercedes-Benz, Porsche, Audi and Nissan GT-R.",1,102,357,246,1
151514204,Anonymizer,Anonymizer,False,"Anonymizer, Inc. is the global leader in online privacy, anonymity, and identity protection solutions. Providing superior anonymity solutions since 1995.",14,2183,1551,585,1
151672822,iDiotFilms,iDiot Films,False,"Pronouced EYE-DEE-OT (but yes it's spelt idiot) iDiot Films is a UK Production Company, run by @warwickadavis and @oliverjmoore",7,304,101,183,1
152061839,search4this,Chip Maddox,False,HOME & GARDEN Market place  Blog page and Youtube channel. ( registar today and get a free BIG VALUE BOOK catalog  ( code 1964 ),4,42,55,268,1
152068965,fineBakersfield,Weather Bakersfield,False,"Frequent weather forecast for Bakersfield, min and max temp, rain and wind. Source of info is http://t.co/5kj1MqoNnC.",0,77,0,19152,1
152074766,fineStockton,Weather Stockton,False,"Frequent weather forecast for Stockton, min and max temp, rain and wind. Source of info is http://t.co/cTB9Xqj1uZ.",0,39,0,19121,1
152203795,T6M_TOKYO,T6M,False,"DIFFEDUCATION,
fog linenwork by diffeducation,
PIVOT by diffeducation,
U.S.keds,CYCLE/CLS,
NIKE,CAUSE,ISAORA,
VANEforSEBAGO,V::room",0,29,0,192,1
